{
  "commands": {
    "exit": {
      "type": "setter",
      "args": [
        {
          "name": "code",
          "type": "int",
          "default": 0,
          "allowed_values": [
            "const"
          ]
        }
      ],
      "description": "завершение программы"
    },
    "wait": {
      "type": "setter",
      "args": [
        {
          "name": "delay",
          "type": "int",
          "min": 1,
          "allowed_values": [
            "var",
            "const"
          ]
        }
      ],
      "description": "задержка (мс)"
    },
    "print": {
      "type": "setter",
      "args": [
        {
          "name": "values",
          "type": "args"
        }
      ],
      "description": "вывод N аргументов в строчку"
    },
    "set_servo": {
      "type": "setter",
      "args": [
        {
          "name": "id",
          "type": "int",
          "allowed_values": [
            "const"
          ]
        },
        {
          "name": "angle",
          "type": "int",
          "min": 0,
          "max": 180,
          "allowed_values": [
            "var",
            "const"
          ]
        },
        {
          "name": "speed",
          "type": "int",
          "min": 10,
          "max": 360,
          "default": 180,
          "allowed_values": [
            "var",
            "const"
          ]
        }
      ],
      "description": "установить положение указанного сервопривода"
    },
    "turn": {
      "type": "setter",
      "args": [
        {
          "name": "angle",
          "type": "int",
          "min": 0,
          "max": 180,
          "allowed_values": [
            "var",
            "const"
          ]
        },
        {
          "name": "dir",
          "type": "enum",
          "allowed_values": [
            "CENTER",
            "LEFT",
            "RIGHT"
          ],
          "default": "CENTER"
        },
        {
          "name": "speed",
          "type": "int",
          "min": 1,
          "max": 100,
          "default": 50,
          "allowed_values": [
            "var",
            "const"
          ]
        }
      ],
      "description": "поворот вокруг центра колёс/левого колеса/правого колеса на угол по часовой стрелке."
    },
    "turn_cross": {
      "type": "setter",
      "args": [
        {
          "name": "dir",
          "type": "enum",
          "allowed_values": [
            "LEFT",
            "RIGHT"
          ]
        },
        {
          "name": "speed",
          "type": "int",
          "min": 1,
          "max": 100,
          "default": 50,
          "allowed_values": [
            "var",
            "const"
          ]
        }
      ],
      "description": "поворот до линии (слева, справа)"
    },
    "ride": {
      "type": "setter",
      "args": [
        {
          "name": "mode",
          "type": "enum",
          "allowed_values": [
            "DIST",
            "WALL",
            "CROSS",
            "TIME"
          ]
        },
        {
          "name": "arg",
          "type": "int",
          "min": 0,
          "allowed_values": [
            "var",
            "const"
          ]
        },
        {
          "name": "speed",
          "type": "int",
          "min": -100,
          "max": 100,
          "default": 50,
          "allowed_values": [
            "var",
            "const"
          ]
        }
      ],
      "description": "прямолинейное движение с заданным режимом (дистанция, до стены, до перекрёстка, по таймеру)"
    },
    "line": {
      "type": "setter",
      "args": [
        {
          "name": "mode",
          "type": "enum",
          "allowed_values": [
            "DIST",
            "WALL",
            "CROSS",
            "TIME"
          ]
        },
        {
          "name": "arg",
          "type": "int",
          "min": 0,
          "allowed_values": [
            "var",
            "const"
          ]
        },
        {
          "name": "speed",
          "type": "int",
          "min": -100,
          "max": 100,
          "default": 50,
          "allowed_values": [
            "var",
            "const"
          ]
        }
      ],
      "description": "движение вдоль линии с заданным режимом (дистанция, до стены, до перекрёстка, по таймеру)"
    },
    "get_time": {
      "type": "getter",
      "args": [],
      "description": "текущее время в мс"
    },
    "get_dist": {
      "type": "getter",
      "args": [
        {
          "name": "dir",
          "type": "enum",
          "allowed_values": [
            "LEFT",
            "CENTER",
            "RIGHT"
          ]
        }
      ],
      "description": "расстояние в мм с указанного датчика"
    },
    "get_line": {
      "type": "getter",
      "args": [
        {
          "name": "dir",
          "type": "enum",
          "allowed_values": [
            "LEFT",
            "CENTER",
            "RIGHT"
          ]
        }
      ],
      "description": "значение с указанного датчика линии"
    }
  }
}