{
  "not": {
    "signature": "byte_2",
    "inlining": false,
    "description": "?????????? ??"
  },
  "not2": {
    "signature": "byte_1",
    "inlining": false,
    "description": "????????? ?????????? ??"
  },
  "and": {
    "signature": "byte_3",
    "inlining": false,
    "description": "?????????? ?",
    "tested": true
  },
  "or": {
    "signature": "byte_3",
    "inlining": false,
    "description": "?????????? ???",
    "tested": true
  },
  "inc": {
    "signature": "byte_1",
    "inlining": false,
    "description": "?????????",
    "tested": true
  },
  "dec": {
    "signature": "byte_1",
    "inlining": false,
    "description": "?????????",
    "tested": true
  },
  "add": {
    "signature": "byte_3",
    "description": "????????",
    "tested": true
  },
  "add2": {
    "signature": "byte_2",
    "description": "????????? ????????",
    "tested": true
  },
  "sub": {
    "signature": "byte_3",
    "description": "?????????",
    "tested": true
  },
  "sub2": {
    "signature": "byte_2",
    "description": "????????? ?????????",
    "tested": true
  },
  "mul": {
    "signature": "byte_3",
    "description": "?????????",
    "tested": true
  },
  "mul2": {
    "signature": "byte_2",
    "description": "????????? ?????????",
    "tested": true
  },
  "div": {
    "signature": "byte_3",
    "description": "???????"
  },
  "div3": {
    "signature": "byte_3",
    "description": "????????? ???????"
  },
  "div2": {
    "signature": "byte_2",
    "inlining": false,
    "description": "??????? ??????????????"
  }
}